<?xml version="1.0" encoding="utf-8"?>
<LinearLayout android:orientation="vertical"
    android:layout_height="wrap_content"
    android:layout_width="match_parent"
    xmlns:android="http://schemas.android.com/apk/res/android">

        <LinearLayout xmlns:android="http://schemas.android.com/apk/res/android"
            android:layout_width="match_parent"
            android:layout_height="wrap_content"
            android:orientation="vertical">

            <TextView
                android:id="@+id/lblDrinkName"
                android:layout_width="match_parent"
                android:layout_height="wrap_content"
                android:gravity="center"
                android:background="#2B3439"
                android:text="請選擇飲料"
                android:textColor="#ddd"
                android:textSize="30dp" />

        </LinearLayout>

        <LinearLayout xmlns:android="http://schemas.android.com/apk/res/android"
            android:orientation="vertical"
            android:layout_width="match_parent"
            android:layout_height="wrap_content">

            <LinearLayout
                android:gravity="center"
                android:layout_gravity="bottom|center"
                android:layout_width="match_parent"
                android:layout_height="wrap_content"
                android:orientation="horizontal">
            <ImageView
                android:padding="5dp"
                android:background="@drawable/drink"
                android:layout_width="45dp"
                android:layout_height="45dp" />
            <Button
                android:id="@+id/btnTea1"
                android:text="紅茶 M $20 L $25"
                android:textSize="25dp"
                android:layout_weight="1"
                android:layout_width="match_parent"
                android:layout_height="wrap_content" />
            </LinearLayout>

            <LinearLayout
                android:gravity="center"
                android:layout_gravity="bottom|center"
                android:layout_width="match_parent"
                android:layout_height="wrap_content"
                android:orientation="horizontal">
            <ImageView
                android:padding="5dp"
                android:background="@drawable/drink"
                android:layout_width="45dp"
                android:layout_height="45dp" />
            <Button
                android:id="@+id/btnTea2"
                android:text="綠茶 M $20 L $25"
                android:textSize="25dp"
                android:layout_weight="1"
                android:layout_width="match_parent"
                android:layout_height="wrap_content" />
            </LinearLayout>

            <LinearLayout
                android:gravity="center"
                android:layout_gravity="bottom|center"
                android:layout_width="match_parent"
                android:layout_height="wrap_content"
                android:orientation="horizontal">
            <ImageView
                android:padding="5dp"
                android:background="@drawable/drink"
                android:layout_width="45dp"
                android:layout_height="45dp" />
            <Button
                android:id="@+id/btnTea3"
                android:text="奶茶 M $20 L $25"
                android:textSize="25dp"
                android:layout_weight="1"
                android:layout_width="match_parent"
                android:layout_height="wrap_content" />
            </LinearLayout>

            <LinearLayout
                android:gravity="center"
                android:layout_gravity="bottom|center"
                android:layout_width="match_parent"
                android:layout_height="wrap_content"
                android:orientation="horizontal">
            <ImageView
                android:padding="5dp"
                android:background="@drawable/drink"
                android:layout_width="45dp"
                android:layout_height="45dp" />
            <Button
                android:id="@+id/btnTea4"
                android:text="烏龍茶 M $20 L $25"
                android:textSize="25dp"
                android:layout_weight="1"
                android:layout_width="match_parent"
                android:layout_height="wrap_content" />
            </LinearLayout>

            <LinearLayout
                android:gravity="center"
                android:layout_gravity="bottom|center"
                android:layout_width="match_parent"
                android:layout_height="wrap_content"
                android:orientation="horizontal">
            <ImageView
                android:padding="5dp"
                android:background="@drawable/drink"
                android:layout_width="45dp"
                android:layout_height="45dp" />
            <Button
                android:id="@+id/btnTea5"
                android:text="青茶 M $20 L $25"
                android:textSize="25dp"
                android:layout_weight="1"
                android:layout_width="match_parent"
                android:layout_height="wrap_content" />
            </LinearLayout>

            <LinearLayout
                android:gravity="center"
                android:layout_gravity="bottom|center"
                android:layout_width="match_parent"
                android:layout_height="wrap_content"
                android:orientation="horizontal">
            <ImageView
                android:padding="5dp"
                android:background="@drawable/drink"
                android:layout_width="45dp"
                android:layout_height="45dp" />
            <Button
                android:id="@+id/btnTea6"
                android:text="玫瑰花茶 M $20 L $25"
                android:textSize="25dp"
                android:layout_weight="1"
                android:layout_width="match_parent"
                android:layout_height="wrap_content" />
            </LinearLayout>

            <LinearLayout
                android:gravity="center"
                android:layout_gravity="bottom|center"
                android:layout_width="match_parent"
                android:layout_height="wrap_content"
                android:orientation="horizontal">
            <ImageView
                android:padding="5dp"
                android:background="@drawable/drink"
                android:layout_width="45dp"
                android:layout_height="45dp" />
            <Button
                android:id="@+id/btnTea7"
                android:text="蜜茶 M $20 L $25"
                android:textSize="25dp"
                android:layout_weight="1"
                android:layout_width="match_parent"
                android:layout_height="wrap_content" />
            </LinearLayout>

        </LinearLayout>

    <LinearLayout
        android:layout_width="match_parent"
        android:layout_height="wrap_content"
        android:orientation="vertical">

        <Button
            android:id="@+id/btnDetails"
            android:layout_width="match_parent"
            android:layout_height="match_parent"
            android:layout_weight="1"
            android:text="訂購明細"
            android:textSize="25dp" />
    </LinearLayout>

</LinearLayout>